"0","# 初始值函数"
"0","inits <- function() {"
"0","  list(logOR = rnorm(1, log_or_adult, se_log_or_adult), mu = 0)"
"0","}"
"0",""
"0","# 创建模型"
"0","model <- jags.model(textConnection(model_string),"
"0","                    data = data_jags,"
"0","                    inits = inits,"
"0","                    n.chains = 3,"
"0","                    quiet = TRUE)"
"0",""
"0","# 更新burn-in"
"0","update(model, 1000)"
"1","  |                                                        "
"1","  |                                                  |   0%"
"1","  |                                                        "
"1","  |*                                                 |   2%"
"1","  |                                                        "
"1","  |**                                                |   4%"
"1","  |                                                        "
"1","  |***                                               |   6%"
"1","  |                                                        "
"1","  |****                                              |   8%"
"1","  |                                                        "
"1","  |*****                                             |  10%"
"1","  |                                                        "
"1","  |******                                            |  12%"
"1","  |                                                        "
"1","  |*******                                           |  14%"
"1","  |                                                        "
"1","  |********                                          |  16%"
"1","  |                                                        "
"1","  |*********                                         |  18%"
"1","  |                                                        "
"1","  |**********                                        |  20%"
"1","  |                                                        "
"1","  |***********                                       |  22%"
"1","  |                                                        "
"1","  |************                                      |  24%"
"1","  |                                                        "
"1","  |*************                                     |  26%"
"1","  |                                                        "
"1","  |**************                                    |  28%"
"1","  |                                                        "
"1","  |***************                                   |  30%"
"1","  |                                                        "
"1","  |****************                                  |  32%"
"1","  |                                                        "
"1","  |*****************                                 |  34%"
"1","  |                                                        "
"1","  |******************                                |  36%"
"1","  |                                                        "
"1","  |*******************                               |  38%"
"1","  |                                                        "
"1","  |********************                              |  40%"
"1","  |                                                        "
"1","  |*********************                             |  42%"
"1","  |                                                        "
"1","  |**********************                            |  44%"
"1","  |                                                        "
"1","  |***********************                           |  46%"
"1","  |                                                        "
"1","  |************************                          |  48%"
"1","  |                                                        "
"1","  |*************************                         |  50%"
"1","  |                                                        "
"1","  |**************************                        |  52%"
"1","  |                                                        "
"1","  |***************************                       |  54%"
"1","  |                                                        "
"1","  |****************************                      |  56%"
"1","  |                                                        "
"1","  |*****************************                     |  58%"
"1","  |                                                        "
"1","  |******************************                    |  60%"
"1","  |                                                        "
"1","  |*******************************                   |  62%"
"1","  |                                                        "
"1","  |********************************                  |  64%"
"1","  |                                                        "
"1","  |*********************************                 |  66%"
"1","  |                                                        "
"1","  |**********************************                |  68%"
"1","  |                                                        "
"1","  |***********************************               |  70%"
"1","  |                                                        "
"1","  |************************************              |  72%"
"1","  |                                                        "
"1","  |*************************************             |  74%"
"1","  |                                                        "
"1","  |**************************************            |  76%"
"1","  |                                                        "
"1","  |***************************************           |  78%"
"1","  |                                                        "
"1","  |****************************************          |  80%"
"1","  |                                                        "
"1","  |*****************************************         |  82%"
"1","  |                                                        "
"1","  |******************************************        |  84%"
"1","  |                                                        "
"1","  |*******************************************       |  86%"
"1","  |                                                        "
"1","  |********************************************      |  88%"
"1","  |                                                        "
"1","  |*********************************************     |  90%"
"1","  |                                                        "
"1","  |**********************************************    |  92%"
"1","  |                                                        "
"1","  |***********************************************   |  94%"
"1","  |                                                        "
"1","  |************************************************  |  96%"
"1","  |                                                        "
"1","  |************************************************* |  98%"
"1","  |                                                        "
"1","  |**************************************************| 100%"
"1","
"
"0","# 采样"
"0","samples <- coda.samples(model, variable.names = c(""logOR""), n.iter = 5000)"
"1","  |                                                        "
"1","  |                                                  |   0%"
"1","  |                                                        "
"1","  |*                                                 |   2%"
"1","  |                                                        "
"1","  |**                                                |   4%"
"1","  |                                                        "
"1","  |***                                               |   6%"
"1","  |                                                        "
"1","  |****                                              |   8%"
"1","  |                                                        "
"1","  |*****                                             |  10%"
"1","  |                                                        "
"1","  |******                                            |  12%"
"1","  |                                                        "
"1","  |*******                                           |  14%"
"1","  |                                                        "
"1","  |********                                          |  16%"
"1","  |                                                        "
"1","  |*********                                         |  18%"
"1","  |                                                        "
"1","  |**********                                        |  20%"
"1","  |                                                        "
"1","  |***********                                       |  22%"
"1","  |                                                        "
"1","  |************                                      |  24%"
"1","  |                                                        "
"1","  |*************                                     |  26%"
"1","  |                                                        "
"1","  |**************                                    |  28%"
"1","  |                                                        "
"1","  |***************                                   |  30%"
"1","  |                                                        "
"1","  |****************                                  |  32%"
"1","  |                                                        "
"1","  |*****************                                 |  34%"
"1","  |                                                        "
"1","  |******************                                |  36%"
"1","  |                                                        "
"1","  |*******************                               |  38%"
"1","  |                                                        "
"1","  |********************                              |  40%"
"1","  |                                                        "
"1","  |*********************                             |  42%"
"1","  |                                                        "
"1","  |**********************                            |  44%"
"1","  |                                                        "
"1","  |***********************                           |  46%"
"1","  |                                                        "
"1","  |************************                          |  48%"
"1","  |                                                        "
"1","  |*************************                         |  50%"
"1","  |                                                        "
"1","  |**************************                        |  52%"
"1","  |                                                        "
"1","  |***************************                       |  54%"
"1","  |                                                        "
"1","  |****************************                      |  56%"
"1","  |                                                        "
"1","  |*****************************                     |  58%"
"1","  |                                                        "
"1","  |******************************                    |  60%"
"1","  |                                                        "
"1","  |*******************************                   |  62%"
"1","  |                                                        "
"1","  |********************************                  |  64%"
"1","  |                                                        "
"1","  |*********************************                 |  66%"
"1","  |                                                        "
"1","  |**********************************                |  68%"
"1","  |                                                        "
"1","  |***********************************               |  70%"
"1","  |                                                        "
"1","  |************************************              |  72%"
"1","  |                                                        "
"1","  |*************************************             |  74%"
"1","  |                                                        "
"1","  |**************************************            |  76%"
"1","  |                                                        "
"1","  |***************************************           |  78%"
"1","  |                                                        "
"1","  |****************************************          |  80%"
"1","  |                                                        "
"1","  |*****************************************         |  82%"
"1","  |                                                        "
"1","  |******************************************        |  84%"
"1","  |                                                        "
"1","  |*******************************************       |  86%"
"1","  |                                                        "
"1","  |********************************************      |  88%"
"1","  |                                                        "
"1","  |*********************************************     |  90%"
"1","  |                                                        "
"1","  |**********************************************    |  92%"
"1","  |                                                        "
"1","  |***********************************************   |  94%"
"1","  |                                                        "
"1","  |************************************************  |  96%"
"1","  |                                                        "
"1","  |************************************************* |  98%"
"1","  |                                                        "
"1","  |**************************************************| 100%"
"1","
"
